id,date,time,digital_code,literal_code,number,currency_name,official_course
1,18.01.2021,00.00,978,EUR,1,Євро,34.0121
2,19.01.2021,00.00,978,EUR,1,Євро,34.0158
3,20.01.2021,00.00,978,EUR,1,Євро,34.1555
4,21.01.2021,00.00,978,EUR,1,Євро,34.1488
5,22.01.2021,00.00,978,EUR,1,Євро,34.3651
6,23.01.2021,00.00,978,EUR,1,Євро,34.3651
7,24.01.2021,00.00,978,EUR,1,Євро,34.3651
8,25.01.2021,00.00,978,EUR,1,Євро,34.2526
9,26.01.2021,00.00,978,EUR,1,Євро,34.2265
10,27.01.2021,00.00,978,EUR,1,Євро,34.1897
11,28.01.2021,00.00,978,EUR,1,Євро,34.1207
12,29.01.2021,00.00,978,EUR,1,Євро,34.1035
13,30.01.2021,00.00,978,EUR,1,Євро,34.1035
14,31.01.2021,00.00,978,EUR,1,Євро,34.1035
15,01.02.2021,00.00,978,EUR,1,Євро,34.157
16,02.02.2021,00.00,978,EUR,1,Євро,33.9039
17,03.02.2021,00.00,978,EUR,1,Євро,33.7913
18,04.02.2021,00.00,978,EUR,1,Євро,33.6374
19,05.02.2021,00.00,978,EUR,1,Євро,33.4509
20,06.02.2021,00.00,978,EUR,1,Євро,33.4509
21,07.02.2021,00.00,978,EUR,1,Євро,33.4509
22,08.02.2021,00.00,978,EUR,1,Євро,33.2823
23,09.02.2021,00.00,978,EUR,1,Євро,33.2604
24,10.02.2021,00.00,978,EUR,1,Євро,33.4406
25,11.02.2021,00.00,978,EUR,1,Євро,33.6655
26,12.02.2021,00.00,978,EUR,1,Євро,33.8111
27,13.02.2021,00.00,978,EUR,1,Євро,33.8111
28,14.02.2021,00.00,978,EUR,1,Євро,33.8111
29,15.02.2021,00.00,978,EUR,1,Євро,33.6801
30,16.02.2021,00.00,978,EUR,1,Євро,33.9297
31,17.02.2021,00.00,978,EUR,1,Євро,33.7708
32,18.02.2021,00.00,978,EUR,1,Євро,33.6422
33,19.02.2021,00.00,978,EUR,1,Євро,33.6478
34,20.02.2021,00.00,978,EUR,1,Євро,33.6478
35,21.02.2021,00.00,978,EUR,1,Євро,33.6478
36,22.02.2021,00.00,978,EUR,1,Євро,33.7768
37,23.02.2021,00.00,978,EUR,1,Євро,33.8866
38,24.02.2021,00.00,978,EUR,1,Євро,33.883
39,25.02.2021,00.00,978,EUR,1,Євро,33.9289
40,26.02.2021,00.00,978,EUR,1,Євро,34.1459
41,27.02.2021,00.00,978,EUR,1,Євро,34.1459
42,28.02.2021,00.00,978,EUR,1,Євро,34.1459
43,01.03.2021,00.00,978,EUR,1,Євро,33.8449
44,02.03.2021,00.00,978,EUR,1,Євро,33.717
45,03.03.2021,00.00,978,EUR,1,Євро,33.6006
46,04.03.2021,00.00,978,EUR,1,Євро,33.5565
47,05.03.2021,00.00,978,EUR,1,Євро,33.4062
48,06.03.2021,00.00,978,EUR,1,Євро,33.4062
49,07.03.2021,00.00,978,EUR,1,Євро,33.4062
50,08.03.2021,00.00,978,EUR,1,Євро,33.4062
51,09.03.2021,00.00,978,EUR,1,Євро,33.075
52,10.03.2021,00.00,978,EUR,1,Євро,32.9741
53,11.03.2021,00.00,978,EUR,1,Євро,32.9317
54,12.03.2021,00.00,978,EUR,1,Євро,33.1748
55,13.03.2021,00.00,978,EUR,1,Євро,33.1748
56,14.03.2021,00.00,978,EUR,1,Євро,33.1748
57,15.03.2021,00.00,978,EUR,1,Євро,33.0839
58,16.03.2021,00.00,978,EUR,1,Євро,32.9523
59,17.03.2021,00.00,978,EUR,1,Євро,32.9632
60,18.03.2021,00.00,978,EUR,1,Євро,32.9853
61,19.03.2021,00.00,978,EUR,1,Євро,32.9785
62,20.03.2021,00.00,978,EUR,1,Євро,32.9785
63,21.03.2021,00.00,978,EUR,1,Євро,32.9785
64,22.03.2021,00.00,978,EUR,1,Євро,32.9502
65,23.03.2021,00.00,978,EUR,1,Євро,33.0072
66,24.03.2021,00.00,978,EUR,1,Євро,32.9329
67,25.03.2021,00.00,978,EUR,1,Євро,32.9389
68,26.03.2021,00.00,978,EUR,1,Євро,33.0337
69,27.03.2021,00.00,978,EUR,1,Євро,33.0337
70,28.03.2021,00.00,978,EUR,1,Євро,33.0337
71,29.03.2021,00.00,978,EUR,1,Євро,32.9532
72,30.03.2021,00.00,978,EUR,1,Євро,32.9661
73,31.03.2021,00.00,978,EUR,1,Євро,32.7233
74,01.04.2021,00.00,978,EUR,1,Євро,32.629
75,02.04.2021,00.00,978,EUR,1,Євро,32.7003
76,03.04.2021,00.00,978,EUR,1,Євро,32.7003
77,04.04.2021,00.00,978,EUR,1,Євро,32.7003
78,05.04.2021,00.00,978,EUR,1,Євро,32.8365
79,06.04.2021,00.00,978,EUR,1,Євро,32.8632
80,07.04.2021,00.00,978,EUR,1,Євро,32.898
81,08.04.2021,00.00,978,EUR,1,Євро,33.1388
82,09.04.2021,00.00,978,EUR,1,Євро,33.2266
83,10.04.2021,00.00,978,EUR,1,Євро,33.2266
84,11.04.2021,00.00,978,EUR,1,Євро,33.2266
85,12.04.2021,00.00,978,EUR,1,Євро,33.1522
86,13.04.2021,00.00,978,EUR,1,Євро,33.2758
87,14.04.2021,00.00,978,EUR,1,Євро,33.3218
88,15.04.2021,00.00,978,EUR,1,Євро,33.4753
89,16.04.2021,00.00,978,EUR,1,Євро,33.4616
90,17.04.2021,00.00,978,EUR,1,Євро,33.4616
91,18.04.2021,00.00,978,EUR,1,Євро,33.4616
92,19.04.2021,00.00,978,EUR,1,Євро,33.525
93,20.04.2021,00.00,978,EUR,1,Євро,33.7099
94,21.04.2021,00.00,978,EUR,1,Євро,33.7362
95,22.04.2021,00.00,978,EUR,1,Євро,33.6986
96,23.04.2021,00.00,978,EUR,1,Євро,33.8103
97,24.04.2021,00.00,978,EUR,1,Євро,33.8103
98,25.04.2021,00.00,978,EUR,1,Євро,33.8103
99,26.04.2021,00.00,978,EUR,1,Євро,33.6714
100,27.04.2021,00.00,978,EUR,1,Євро,33.6512
101,28.04.2021,00.00,978,EUR,1,Євро,33.5577
102,29.04.2021,00.00,978,EUR,1,Євро,33.526
103,30.04.2021,00.00,978,EUR,1,Євро,33.6427
104,01.05.2021,00.00,978,EUR,1,Євро,33.6427
105,02.05.2021,00.00,978,EUR,1,Євро,33.6427
106,03.05.2021,00.00,978,EUR,1,Євро,33.6427
107,04.05.2021,00.00,978,EUR,1,Євро,33.6427
108,05.05.2021,00.00,978,EUR,1,Євро,33.5112
109,06.05.2021,00.00,978,EUR,1,Євро,33.2751
110,07.05.2021,00.00,978,EUR,1,Євро,33.4129
111,08.05.2021,00.00,978,EUR,1,Євро,33.4129
112,09.05.2021,00.00,978,EUR,1,Євро,33.4129
113,10.05.2021,00.00,978,EUR,1,Євро,33.4129
114,11.05.2021,00.00,978,EUR,1,Євро,33.4904
115,12.05.2021,00.00,978,EUR,1,Євро,33.6728
116,13.05.2021,00.00,978,EUR,1,Євро,33.4953
117,14.05.2021,00.00,978,EUR,1,Євро,33.3738
118,15.05.2021,00.00,978,EUR,1,Євро,33.3738
119,16.05.2021,00.00,978,EUR,1,Євро,33.3738
120,17.05.2021,00.00,978,EUR,1,Євро,33.4781
121,18.05.2021,00.00,978,EUR,1,Євро,33.4449
122,19.05.2021,00.00,978,EUR,1,Євро,33.5319
123,20.05.2021,00.00,978,EUR,1,Євро,33.488
124,21.05.2021,00.00,978,EUR,1,Євро,33.5174
125,22.05.2021,00.00,978,EUR,1,Євро,33.5174
126,23.05.2021,00.00,978,EUR,1,Євро,33.5174
127,24.05.2021,00.00,978,EUR,1,Євро,33.4799
128,25.05.2021,00.00,978,EUR,1,Євро,33.4911
129,26.05.2021,00.00,978,EUR,1,Євро,33.6643
130,27.05.2021,00.00,978,EUR,1,Євро,33.6765
131,28.05.2021,00.00,978,EUR,1,Євро,33.5693
132,29.05.2021,00.00,978,EUR,1,Євро,33.5693
133,30.05.2021,00.00,978,EUR,1,Євро,33.5693
134,31.05.2021,00.00,978,EUR,1,Євро,33.3896
135,01.06.2021,00.00,978,EUR,1,Євро,33.5116
136,02.06.2021,00.00,978,EUR,1,Євро,33.5335
137,03.06.2021,00.00,978,EUR,1,Євро,33.3348
138,04.06.2021,00.00,978,EUR,1,Євро,33.2577
139,05.06.2021,00.00,978,EUR,1,Євро,33.2577
140,06.06.2021,00.00,978,EUR,1,Євро,33.2577
141,07.06.2021,00.00,978,EUR,1,Євро,33.0635
142,08.06.2021,00.00,978,EUR,1,Євро,33.0781
143,09.06.2021,00.00,978,EUR,1,Євро,33.1104
144,10.06.2021,00.00,978,EUR,1,Євро,33.0248
145,11.06.2021,00.00,978,EUR,1,Євро,32.989
146,12.06.2021,00.00,978,EUR,1,Євро,32.989
147,13.06.2021,00.00,978,EUR,1,Євро,32.989
148,14.06.2021,00.00,978,EUR,1,Євро,32.7905
149,15.06.2021,00.00,978,EUR,1,Євро,32.7053
150,16.06.2021,00.00,978,EUR,1,Євро,32.6166
151,17.06.2021,00.00,978,EUR,1,Євро,32.7722
152,18.06.2021,00.00,978,EUR,1,Євро,32.4424
153,19.06.2021,00.00,978,EUR,1,Євро,32.4424
154,20.06.2021,00.00,978,EUR,1,Євро,32.4424
155,21.06.2021,00.00,978,EUR,1,Євро,32.4424
156,22.06.2021,00.00,978,EUR,1,Євро,32.2882
157,23.06.2021,00.00,978,EUR,1,Євро,32.467
158,24.06.2021,00.00,978,EUR,1,Євро,32.6003
159,25.06.2021,00.00,978,EUR,1,Євро,32.7928
160,26.06.2021,00.00,978,EUR,1,Євро,32.7928
161,27.06.2021,00.00,978,EUR,1,Євро,32.7928
162,28.06.2021,00.00,978,EUR,1,Євро,32.7928
163,29.06.2021,00.00,978,EUR,1,Євро,32.7401
164,30.06.2021,00.00,978,EUR,1,Євро,32.3018
165,01.07.2021,00.00,978,EUR,1,Євро,32.3463
166,02.07.2021,00.00,978,EUR,1,Євро,32.5227
167,03.07.2021,00.00,978,EUR,1,Євро,32.5227
168,04.07.2021,00.00,978,EUR,1,Євро,32.5227
169,05.07.2021,00.00,978,EUR,1,Євро,32.4107
170,06.07.2021,00.00,978,EUR,1,Євро,32.3732
171,07.07.2021,00.00,978,EUR,1,Євро,32.2623
172,08.07.2021,00.00,978,EUR,1,Євро,32.291
173,09.07.2021,00.00,978,EUR,1,Євро,32.3191
174,10.07.2021,00.00,978,EUR,1,Євро,32.3191
175,11.07.2021,00.00,978,EUR,1,Євро,32.3191
176,12.07.2021,00.00,978,EUR,1,Євро,32.4056
177,13.07.2021,00.00,978,EUR,1,Євро,32.3459
178,14.07.2021,00.00,978,EUR,1,Євро,32.372
179,15.07.2021,00.00,978,EUR,1,Євро,32.2482
180,16.07.2021,00.00,978,EUR,1,Євро,32.2369
181,17.07.2021,00.00,978,EUR,1,Євро,32.2369
182,18.07.2021,00.00,978,EUR,1,Євро,32.2369
183,19.07.2021,00.00,978,EUR,1,Євро,32.141
184,20.07.2021,00.00,978,EUR,1,Євро,32.0313
185,21.07.2021,00.00,978,EUR,1,Євро,32.0344
186,22.07.2021,00.00,978,EUR,1,Євро,32.0607
187,23.07.2021,00.00,978,EUR,1,Євро,32.0343
188,24.07.2021,00.00,978,EUR,1,Євро,32.0343
189,25.07.2021,00.00,978,EUR,1,Євро,32.0343
190,26.07.2021,00.00,978,EUR,1,Євро,31.845
191,27.07.2021,00.00,978,EUR,1,Євро,31.8087
192,28.07.2021,00.00,978,EUR,1,Євро,31.7814
193,29.07.2021,00.00,978,EUR,1,Євро,31.7021
194,30.07.2021,00.00,978,EUR,1,Євро,31.9239
195,31.07.2021,00.00,978,EUR,1,Євро,31.9239
196,01.08.2021,00.00,978,EUR,1,Євро,31.9239
197,02.08.2021,00.00,978,EUR,1,Євро,31.8946
198,03.08.2021,00.00,978,EUR,1,Євро,31.9032
199,04.08.2021,00.00,978,EUR,1,Євро,31.8913
200,05.08.2021,00.00,978,EUR,1,Євро,31.9482
201,06.08.2021,00.00,978,EUR,1,Євро,31.8964
202,07.08.2021,00.00,978,EUR,1,Євро,31.8964
203,08.08.2021,00.00,978,EUR,1,Євро,31.8964
204,09.08.2021,00.00,978,EUR,1,Євро,31.6756
205,10.08.2021,00.00,978,EUR,1,Євро,31.5302
206,11.08.2021,00.00,978,EUR,1,Євро,31.3617
207,12.08.2021,00.00,978,EUR,1,Євро,31.4105
208,13.08.2021,00.00,978,EUR,1,Євро,31.421
209,14.08.2021,00.00,978,EUR,1,Євро,31.421
210,15.08.2021,00.00,978,EUR,1,Євро,31.421
211,16.08.2021,00.00,978,EUR,1,Євро,31.3978
212,17.08.2021,00.00,978,EUR,1,Євро,31.3633
213,18.08.2021,00.00,978,EUR,1,Євро,31.382
214,19.08.2021,00.00,978,EUR,1,Євро,31.2379
215,20.08.2021,00.00,978,EUR,1,Євро,31.169
216,21.08.2021,00.00,978,EUR,1,Євро,31.169
217,22.08.2021,00.00,978,EUR,1,Євро,31.169
218,23.08.2021,00.00,978,EUR,1,Євро,31.169
219,24.08.2021,00.00,978,EUR,1,Євро,31.169
220,25.08.2021,00.00,978,EUR,1,Євро,31.1287
221,26.08.2021,00.00,978,EUR,1,Євро,31.3438
222,27.08.2021,00.00,978,EUR,1,Євро,31.5121
223,28.08.2021,00.00,978,EUR,1,Євро,31.6645
224,29.08.2021,00.00,978,EUR,1,Євро,31.6645
225,30.08.2021,00.00,978,EUR,1,Євро,31.6645
226,31.08.2021,00.00,978,EUR,1,Євро,31.6963
227,01.09.2021,00.00,978,EUR,1,Євро,31.8317
228,02.09.2021,00.00,978,EUR,1,Євро,31.9323
229,03.09.2021,00.00,978,EUR,1,Євро,32.0067
230,04.09.2021,00.00,978,EUR,1,Євро,32.0067
231,05.09.2021,00.00,978,EUR,1,Євро,32.0067
232,06.09.2021,00.00,978,EUR,1,Євро,31.9684
233,07.09.2021,00.00,978,EUR,1,Євро,31.8063
234,08.09.2021,00.00,978,EUR,1,Євро,31.7091
235,09.09.2021,00.00,978,EUR,1,Євро,31.6315
236,10.09.2021,00.00,978,EUR,1,Євро,31.624
237,11.09.2021,00.00,978,EUR,1,Євро,31.624
238,12.09.2021,00.00,978,EUR,1,Євро,31.624
239,13.09.2021,00.00,978,EUR,1,Євро,31.5843
240,14.09.2021,00.00,978,EUR,1,Євро,31.4472
241,15.09.2021,00.00,978,EUR,1,Євро,31.4627
242,16.09.2021,00.00,978,EUR,1,Євро,31.517
243,17.09.2021,00.00,978,EUR,1,Євро,31.37
244,18.09.2021,00.00,978,EUR,1,Євро,31.37
245,19.09.2021,00.00,978,EUR,1,Євро,31.37
246,20.09.2021,00.00,978,EUR,1,Євро,31.4626
247,21.09.2021,00.00,978,EUR,1,Євро,31.2701
248,22.09.2021,00.00,978,EUR,1,Євро,31.3566
249,23.09.2021,00.00,978,EUR,1,Євро,31.2856
250,24.09.2021,00.00,978,EUR,1,Євро,31.0846
251,25.09.2021,00.00,978,EUR,1,Євро,31.0846
252,26.09.2021,00.00,978,EUR,1,Євро,31.0846
253,27.09.2021,00.00,978,EUR,1,Євро,31.2153
254,28.09.2021,00.00,978,EUR,1,Євро,31.1764
255,29.09.2021,00.00,978,EUR,1,Євро,31.0335
256,30.09.2021,00.00,978,EUR,1,Євро,30.981
257,01.10.2021,00.00,978,EUR,1,Євро,30.8231
258,02.10.2021,00.00,978,EUR,1,Євро,30.8231
259,03.10.2021,00.00,978,EUR,1,Євро,30.8231
260,04.10.2021,00.00,978,EUR,1,Євро,30.8716
261,05.10.2021,00.00,978,EUR,1,Євро,30.9261
262,06.10.2021,00.00,978,EUR,1,Євро,30.6536
263,07.10.2021,00.00,978,EUR,1,Євро,30.4135
264,08.10.2021,00.00,978,EUR,1,Євро,30.4378
265,09.10.2021,00.00,978,EUR,1,Євро,30.4378
266,10.10.2021,00.00,978,EUR,1,Євро,30.4378
267,11.10.2021,00.00,978,EUR,1,Євро,30.4768
268,12.10.2021,00.00,978,EUR,1,Євро,30.5012
269,13.10.2021,00.00,978,EUR,1,Євро,30.4265
270,14.10.2021,00.00,978,EUR,1,Євро,30.4265
271,15.10.2021,00.00,978,EUR,1,Євро,30.4265
272,16.10.2021,00.00,978,EUR,1,Євро,30.4265
273,17.10.2021,00.00,978,EUR,1,Євро,30.4265
274,18.10.2021,00.00,978,EUR,1,Євро,30.446
275,19.10.2021,00.00,978,EUR,1,Євро,30.5611
276,20.10.2021,00.00,978,EUR,1,Євро,30.6056
277,21.10.2021,00.00,978,EUR,1,Євро,30.4836
278,22.10.2021,00.00,978,EUR,1,Євро,30.4934
279,23.10.2021,00.00,978,EUR,1,Євро,30.5774
280,24.10.2021,00.00,978,EUR,1,Євро,30.5774
281,25.10.2021,00.00,978,EUR,1,Євро,30.5774
282,26.10.2021,00.00,978,EUR,1,Євро,30.5749
283,27.10.2021,00.00,978,EUR,1,Євро,30.6791
284,28.10.2021,00.00,978,EUR,1,Євро,30.6447
285,29.10.2021,00.00,978,EUR,1,Євро,30.5032
286,30.10.2021,00.00,978,EUR,1,Євро,30.5032
287,31.10.2021,00.00,978,EUR,1,Євро,30.5032
288,01.11.2021,00.00,978,EUR,1,Євро,30.5953
289,02.11.2021,00.00,978,EUR,1,Євро,30.4358
290,03.11.2021,00.00,978,EUR,1,Євро,30.4903
291,04.11.2021,00.00,978,EUR,1,Євро,30.3646
292,05.11.2021,00.00,978,EUR,1,Євро,30.2848
293,06.11.2021,00.00,978,EUR,1,Євро,30.2848
294,07.11.2021,00.00,978,EUR,1,Євро,30.2848
295,08.11.2021,00.00,978,EUR,1,Євро,30.0969
296,09.11.2021,00.00,978,EUR,1,Євро,30.2026
297,10.11.2021,00.00,978,EUR,1,Євро,30.2075
298,11.11.2021,00.00,978,EUR,1,Євро,30.1186
299,12.11.2021,00.00,978,EUR,1,Євро,29.9144
300,13.11.2021,00.00,978,EUR,1,Євро,29.9144
301,14.11.2021,00.00,978,EUR,1,Євро,29.9144
302,15.11.2021,00.00,978,EUR,1,Євро,29.9007
303,16.11.2021,00.00,978,EUR,1,Євро,30.1468
304,17.11.2021,00.00,978,EUR,1,Євро,30.0266
305,18.11.2021,00.00,978,EUR,1,Євро,29.9974
306,19.11.2021,00.00,978,EUR,1,Євро,29.9688
307,20.11.2021,00.00,978,EUR,1,Євро,29.9688
308,21.11.2021,00.00,978,EUR,1,Євро,29.9688
309,22.11.2021,00.00,978,EUR,1,Євро,29.9796
310,23.11.2021,00.00,978,EUR,1,Євро,30.0591
311,24.11.2021,00.00,978,EUR,1,Євро,30.2354
312,25.11.2021,00.00,978,EUR,1,Євро,30.1734
313,26.11.2021,00.00,978,EUR,1,Євро,30.3376
314,27.11.2021,00.00,978,EUR,1,Євро,30.3376
315,28.11.2021,00.00,978,EUR,1,Євро,30.3376
316,29.11.2021,00.00,978,EUR,1,Євро,30.5752
317,30.11.2021,00.00,978,EUR,1,Євро,30.6481
318,01.12.2021,00.00,978,EUR,1,Євро,30.9221
319,02.12.2021,00.00,978,EUR,1,Євро,30.8443
320,03.12.2021,00.00,978,EUR,1,Євро,30.9438
321,04.12.2021,00.00,978,EUR,1,Євро,30.9438
322,05.12.2021,00.00,978,EUR,1,Євро,30.9438
323,06.12.2021,00.00,978,EUR,1,Євро,30.8277
324,07.12.2021,00.00,978,EUR,1,Євро,30.9055
325,08.12.2021,00.00,978,EUR,1,Євро,30.7277
326,09.12.2021,00.00,978,EUR,1,Євро,30.7698
327,10.12.2021,00.00,978,EUR,1,Євро,30.6773
328,11.12.2021,00.00,978,EUR,1,Євро,30.6773
329,12.12.2021,00.00,978,EUR,1,Євро,30.6773
330,13.12.2021,00.00,978,EUR,1,Євро,30.4521
331,14.12.2021,00.00,978,EUR,1,Євро,30.3272
332,15.12.2021,00.00,978,EUR,1,Євро,30.534
333,16.12.2021,00.00,978,EUR,1,Євро,30.6186
334,17.12.2021,00.00,978,EUR,1,Євро,30.8435
335,18.12.2021,00.00,978,EUR,1,Євро,30.8435
336,19.12.2021,00.00,978,EUR,1,Євро,30.8435
337,20.12.2021,00.00,978,EUR,1,Євро,30.8573
338,21.12.2021,00.00,978,EUR,1,Євро,30.7661
339,22.12.2021,00.00,978,EUR,1,Євро,30.7859
340,23.12.2021,00.00,978,EUR,1,Євро,30.8084
341,24.12.2021,00.00,978,EUR,1,Євро,30.845
342,25.12.2021,00.00,978,EUR,1,Євро,30.845
343,26.12.2021,00.00,978,EUR,1,Євро,30.845
344,27.12.2021,00.00,978,EUR,1,Євро,30.845
345,28.12.2021,00.00,978,EUR,1,Євро,30.8196
346,29.12.2021,00.00,978,EUR,1,Євро,30.8401
347,30.12.2021,00.00,978,EUR,1,Євро,30.776
348,31.12.2021,00.00,978,EUR,1,Євро,30.9226
349,01.01.2022,00.00,978,EUR,1,Євро,30.9226
350,02.01.2022,00.00,978,EUR,1,Євро,30.9226
351,03.01.2022,00.00,978,EUR,1,Євро,30.9226
352,04.01.2022,00.00,978,EUR,1,Євро,30.9226
353,05.01.2022,00.00,978,EUR,1,Євро,30.7739
354,06.01.2022,00.00,978,EUR,1,Євро,31.0421
355,07.01.2022,00.00,978,EUR,1,Євро,31.0421
356,08.01.2022,00.00,978,EUR,1,Євро,31.0421
357,09.01.2022,00.00,978,EUR,1,Євро,31.0421
358,10.01.2022,00.00,978,EUR,1,Євро,31.1095
359,11.01.2022,00.00,978,EUR,1,Євро,31.116
360,12.01.2022,00.00,978,EUR,1,Євро,31.1722
361,13.01.2022,00.00,978,EUR,1,Євро,31.4796
362,14.01.2022,00.00,978,EUR,1,Євро,31.7813
363,15.01.2022,00.00,978,EUR,1,Євро,31.7813
364,16.01.2022,00.00,978,EUR,1,Євро,31.7813
365,17.01.2022,00.00,978,EUR,1,Євро,31.989
366,18.01.2022,00.00,978,EUR,1,Євро,32.0577
367,18.01.2021,00.00,840,USD,1,Долар США,28.0524
368,19.01.2021,00.00,840,USD,1,Долар США,28.1926
369,20.01.2021,00.00,840,USD,1,Долар США,28.1544
370,21.01.2021,00.00,840,USD,1,Долар США,28.2035
371,22.01.2021,00.00,840,USD,1,Долар США,28.2561
372,23.01.2021,00.00,840,USD,1,Долар США,28.2561
373,24.01.2021,00.00,840,USD,1,Долар США,28.2561
374,25.01.2021,00.00,840,USD,1,Долар США,28.1648
375,26.01.2021,00.00,840,USD,1,Долар США,28.1665
376,27.01.2021,00.00,840,USD,1,Долар США,28.1524
377,28.01.2021,00.00,840,USD,1,Долар США,28.1652
378,29.01.2021,00.00,840,USD,1,Долар США,28.1929
379,30.01.2021,00.00,840,USD,1,Долар США,28.1929
380,31.01.2021,00.00,840,USD,1,Долар США,28.1929
381,01.02.2021,00.00,840,USD,1,Долар США,28.1324
382,02.02.2021,00.00,840,USD,1,Долар США,28.0603
383,03.02.2021,00.00,840,USD,1,Долар США,28.0589
384,04.02.2021,00.00,840,USD,1,Долар США,27.995
385,05.02.2021,00.00,840,USD,1,Долар США,27.8885
386,06.02.2021,00.00,840,USD,1,Долар США,27.8885
387,07.02.2021,00.00,840,USD,1,Долар США,27.8885
388,08.02.2021,00.00,840,USD,1,Долар США,27.7711
389,09.02.2021,00.00,840,USD,1,Долар США,27.6651
390,10.02.2021,00.00,840,USD,1,Долар США,27.6426
391,11.02.2021,00.00,840,USD,1,Долар США,27.7665
392,12.02.2021,00.00,840,USD,1,Долар США,27.8384
393,13.02.2021,00.00,840,USD,1,Долар США,27.8384
394,14.02.2021,00.00,840,USD,1,Долар США,27.8384
395,15.02.2021,00.00,840,USD,1,Долар США,27.844
396,16.02.2021,00.00,840,USD,1,Долар США,27.9671
397,17.02.2021,00.00,840,USD,1,Долар США,27.8304
398,18.02.2021,00.00,840,USD,1,Долар США,27.9038
399,19.02.2021,00.00,840,USD,1,Долар США,27.8461
400,20.02.2021,00.00,840,USD,1,Долар США,27.8461
401,21.02.2021,00.00,840,USD,1,Долар США,27.8461
402,22.02.2021,00.00,840,USD,1,Долар США,27.8468
403,23.02.2021,00.00,840,USD,1,Долар США,27.9304
404,24.02.2021,00.00,840,USD,1,Долар США,27.8976
405,25.02.2021,00.00,840,USD,1,Долар США,27.9492
406,26.02.2021,00.00,840,USD,1,Долар США,27.9301
407,27.02.2021,00.00,840,USD,1,Долар США,27.9301
408,28.02.2021,00.00,840,USD,1,Долар США,27.9301
409,01.03.2021,00.00,840,USD,1,Долар США,27.9456
410,02.03.2021,00.00,840,USD,1,Долар США,28.0007
411,03.03.2021,00.00,840,USD,1,Долар США,27.933
412,04.03.2021,00.00,840,USD,1,Долар США,27.8477
413,05.03.2021,00.00,840,USD,1,Долар США,27.7564
414,06.03.2021,00.00,840,USD,1,Долар США,27.7564
415,07.03.2021,00.00,840,USD,1,Долар США,27.7564
416,08.03.2021,00.00,840,USD,1,Долар США,27.7564
417,09.03.2021,00.00,840,USD,1,Долар США,27.7091
418,10.03.2021,00.00,840,USD,1,Долар США,27.7431
419,11.03.2021,00.00,840,USD,1,Долар США,27.7016
420,12.03.2021,00.00,840,USD,1,Долар США,27.7486
421,13.03.2021,00.00,840,USD,1,Долар США,27.7486
422,14.03.2021,00.00,840,USD,1,Долар США,27.7486
423,15.03.2021,00.00,840,USD,1,Долар США,27.7305
424,16.03.2021,00.00,840,USD,1,Долар США,27.6434
425,17.03.2021,00.00,840,USD,1,Долар США,27.6525
426,18.03.2021,00.00,840,USD,1,Долар США,27.6978
427,19.03.2021,00.00,840,USD,1,Долар США,27.6828
428,20.03.2021,00.00,840,USD,1,Долар США,27.6828
429,21.03.2021,00.00,840,USD,1,Долар США,27.6828
430,22.03.2021,00.00,840,USD,1,Долар США,27.7184
431,23.03.2021,00.00,840,USD,1,Долар США,27.6871
432,24.03.2021,00.00,840,USD,1,Долар США,27.7295
433,25.03.2021,00.00,840,USD,1,Долар США,27.8706
434,26.03.2021,00.00,840,USD,1,Долар США,27.9698
435,27.03.2021,00.00,840,USD,1,Долар США,27.9698
436,28.03.2021,00.00,840,USD,1,Долар США,27.9698
437,29.03.2021,00.00,840,USD,1,Долар США,27.9679
438,30.03.2021,00.00,840,USD,1,Долар США,27.9694
439,31.03.2021,00.00,840,USD,1,Долар США,27.8852
440,01.04.2021,00.00,840,USD,1,Долар США,27.8226
441,02.04.2021,00.00,840,USD,1,Долар США,27.8324
442,03.04.2021,00.00,840,USD,1,Долар США,27.8324
443,04.04.2021,00.00,840,USD,1,Долар США,27.8324
444,05.04.2021,00.00,840,USD,1,Долар США,27.9555
445,06.04.2021,00.00,840,USD,1,Долар США,27.939
446,07.04.2021,00.00,840,USD,1,Долар США,27.8384
447,08.04.2021,00.00,840,USD,1,Долар США,27.8923
448,09.04.2021,00.00,840,USD,1,Долар США,27.9768
449,10.04.2021,00.00,840,USD,1,Долар США,27.9768
450,11.04.2021,00.00,840,USD,1,Долар США,27.9768
451,12.04.2021,00.00,840,USD,1,Долар США,27.9094
452,13.04.2021,00.00,840,USD,1,Долар США,27.9335
453,14.04.2021,00.00,840,USD,1,Долар США,28.0156
454,15.04.2021,00.00,840,USD,1,Долар США,27.9765
455,16.04.2021,00.00,840,USD,1,Долар США,27.9592
456,17.04.2021,00.00,840,USD,1,Долар США,27.9592
457,18.04.2021,00.00,840,USD,1,Долар США,27.9592
458,19.04.2021,00.00,840,USD,1,Долар США,27.9783
459,20.04.2021,00.00,840,USD,1,Долар США,28.0087
460,21.04.2021,00.00,840,USD,1,Долар США,28.0096
461,22.04.2021,00.00,840,USD,1,Долар США,28.0576
462,23.04.2021,00.00,840,USD,1,Долар США,28.0642
463,24.04.2021,00.00,840,USD,1,Долар США,28.0642
464,25.04.2021,00.00,840,USD,1,Долар США,28.0642
465,26.04.2021,00.00,840,USD,1,Долар США,27.9014
466,27.04.2021,00.00,840,USD,1,Долар США,27.8558
467,28.04.2021,00.00,840,USD,1,Долар США,27.7715
468,29.04.2021,00.00,840,USD,1,Долар США,27.7867
469,30.04.2021,00.00,840,USD,1,Долар США,27.75
470,01.05.2021,00.00,840,USD,1,Долар США,27.75
471,02.05.2021,00.00,840,USD,1,Долар США,27.75
472,03.05.2021,00.00,840,USD,1,Долар США,27.75
473,04.05.2021,00.00,840,USD,1,Долар США,27.75
474,05.05.2021,00.00,840,USD,1,Долар США,27.733
475,06.05.2021,00.00,840,USD,1,Долар США,27.7339
476,07.05.2021,00.00,840,USD,1,Долар США,27.7205
477,08.05.2021,00.00,840,USD,1,Долар США,27.7205
478,09.05.2021,00.00,840,USD,1,Долар США,27.7205
479,10.05.2021,00.00,840,USD,1,Долар США,27.7205
480,11.05.2021,00.00,840,USD,1,Долар США,27.7641
481,12.05.2021,00.00,840,USD,1,Долар США,27.6744
482,13.05.2021,00.00,840,USD,1,Долар США,27.6318
483,14.05.2021,00.00,840,USD,1,Долар США,27.6273
484,15.05.2021,00.00,840,USD,1,Долар США,27.6273
485,16.05.2021,00.00,840,USD,1,Долар США,27.6273
486,17.05.2021,00.00,840,USD,1,Долар США,27.6142
487,18.05.2021,00.00,840,USD,1,Долар США,27.555
488,19.05.2021,00.00,840,USD,1,Долар США,27.4368
489,20.05.2021,00.00,840,USD,1,Долар США,27.4166
490,21.05.2021,00.00,840,USD,1,Долар США,27.4665
491,22.05.2021,00.00,840,USD,1,Долар США,27.4665
492,23.05.2021,00.00,840,USD,1,Долар США,27.4665
493,24.05.2021,00.00,840,USD,1,Долар США,27.4572
494,25.05.2021,00.00,840,USD,1,Долар США,27.4281
495,26.05.2021,00.00,840,USD,1,Долар США,27.4553
496,27.05.2021,00.00,840,USD,1,Долар США,27.5461
497,28.05.2021,00.00,840,USD,1,Долар США,27.526
498,29.05.2021,00.00,840,USD,1,Долар США,27.526
499,30.05.2021,00.00,840,USD,1,Долар США,27.526
500,31.05.2021,00.00,840,USD,1,Долар США,27.5004
501,01.06.2021,00.00,840,USD,1,Долар США,27.4674
502,02.06.2021,00.00,840,USD,1,Долар США,27.4381
503,03.06.2021,00.00,840,USD,1,Долар США,27.3449
504,04.06.2021,00.00,840,USD,1,Долар США,27.34
505,05.06.2021,00.00,840,USD,1,Долар США,27.34
506,06.06.2021,00.00,840,USD,1,Долар США,27.34
507,07.06.2021,00.00,840,USD,1,Долар США,27.2914
508,08.06.2021,00.00,840,USD,1,Долар США,27.1923
509,09.06.2021,00.00,840,USD,1,Долар США,27.1764
510,10.06.2021,00.00,840,USD,1,Долар США,27.0906
511,11.06.2021,00.00,840,USD,1,Долар США,27.1068
512,12.06.2021,00.00,840,USD,1,Долар США,27.1068
513,13.06.2021,00.00,840,USD,1,Долар США,27.1068
514,14.06.2021,00.00,840,USD,1,Долар США,27.0404
515,15.06.2021,00.00,840,USD,1,Долар США,26.9957
516,16.06.2021,00.00,840,USD,1,Долар США,26.9258
517,17.06.2021,00.00,840,USD,1,Долар США,27.0275
518,18.06.2021,00.00,840,USD,1,Долар США,27.1712
519,19.06.2021,00.00,840,USD,1,Долар США,27.1712
520,20.06.2021,00.00,840,USD,1,Долар США,27.1712
521,21.06.2021,00.00,840,USD,1,Долар США,27.1712
522,22.06.2021,00.00,840,USD,1,Долар США,27.1935
523,23.06.2021,00.00,840,USD,1,Долар США,27.305
524,24.06.2021,00.00,840,USD,1,Долар США,27.2737
525,25.06.2021,00.00,840,USD,1,Долар США,27.4589
526,26.06.2021,00.00,840,USD,1,Долар США,27.4589
527,27.06.2021,00.00,840,USD,1,Долар США,27.4589
528,28.06.2021,00.00,840,USD,1,Долар США,27.4589
529,29.06.2021,00.00,840,USD,1,Долар США,27.3964
530,30.06.2021,00.00,840,USD,1,Долар США,27.1763
531,01.07.2021,00.00,840,USD,1,Долар США,27.2275
532,02.07.2021,00.00,840,USD,1,Долар США,27.3841
533,03.07.2021,00.00,840,USD,1,Долар США,27.3841
534,04.07.2021,00.00,840,USD,1,Долар США,27.3841
535,05.07.2021,00.00,840,USD,1,Долар США,27.4121
536,06.07.2021,00.00,840,USD,1,Долар США,27.2904
537,07.07.2021,00.00,840,USD,1,Долар США,27.2497
538,08.07.2021,00.00,840,USD,1,Долар США,27.2993
539,09.07.2021,00.00,840,USD,1,Долар США,27.2862
540,10.07.2021,00.00,840,USD,1,Долар США,27.2862
541,11.07.2021,00.00,840,USD,1,Долар США,27.2862
542,12.07.2021,00.00,840,USD,1,Долар США,27.3234
543,13.07.2021,00.00,840,USD,1,Долар США,27.2904
544,14.07.2021,00.00,840,USD,1,Долар США,27.3216
545,15.07.2021,00.00,840,USD,1,Долар США,27.3047
546,16.07.2021,00.00,840,USD,1,Долар США,27.2905
547,17.07.2021,00.00,840,USD,1,Долар США,27.2905
548,18.07.2021,00.00,840,USD,1,Долар США,27.2905
549,19.07.2021,00.00,840,USD,1,Долар США,27.2301
550,20.07.2021,00.00,840,USD,1,Долар США,27.2132
551,21.07.2021,00.00,840,USD,1,Долар США,27.2205
552,22.07.2021,00.00,840,USD,1,Долар США,27.2405
553,23.07.2021,00.00,840,USD,1,Долар США,27.1915
554,24.07.2021,00.00,840,USD,1,Долар США,27.1915
555,25.07.2021,00.00,840,USD,1,Долар США,27.1915
556,26.07.2021,00.00,840,USD,1,Долар США,27.048
557,27.07.2021,00.00,840,USD,1,Долар США,26.9805
558,28.07.2021,00.00,840,USD,1,Долар США,26.906
559,29.07.2021,00.00,840,USD,1,Долар США,26.8628
560,30.07.2021,00.00,840,USD,1,Долар США,26.8867
561,31.07.2021,00.00,840,USD,1,Долар США,26.8867
562,01.08.2021,00.00,840,USD,1,Долар США,26.8867
563,02.08.2021,00.00,840,USD,1,Долар США,26.8168
564,03.08.2021,00.00,840,USD,1,Долар США,26.8444
565,04.08.2021,00.00,840,USD,1,Долар США,26.8411
566,05.08.2021,00.00,840,USD,1,Долар США,26.9094
567,06.08.2021,00.00,840,USD,1,Долар США,26.9395
568,07.08.2021,00.00,840,USD,1,Долар США,26.9395
569,08.08.2021,00.00,840,USD,1,Долар США,26.9395
570,09.08.2021,00.00,840,USD,1,Долар США,26.8346
571,10.08.2021,00.00,840,USD,1,Долар США,26.8011
572,11.08.2021,00.00,840,USD,1,Долар США,26.7557
573,12.08.2021,00.00,840,USD,1,Долар США,26.8042
574,13.08.2021,00.00,840,USD,1,Долар США,26.7686
575,14.08.2021,00.00,840,USD,1,Долар США,26.7686
576,15.08.2021,00.00,840,USD,1,Долар США,26.7686
577,16.08.2021,00.00,840,USD,1,Долар США,26.6931
578,17.08.2021,00.00,840,USD,1,Долар США,26.6457
579,18.08.2021,00.00,840,USD,1,Долар США,26.6752
580,19.08.2021,00.00,840,USD,1,Долар США,26.6455
581,20.08.2021,00.00,840,USD,1,Долар США,26.6504
582,21.08.2021,00.00,840,USD,1,Долар США,26.6504
583,22.08.2021,00.00,840,USD,1,Долар США,26.6504
584,23.08.2021,00.00,840,USD,1,Долар США,26.6504
585,24.08.2021,00.00,840,USD,1,Долар США,26.6504
586,25.08.2021,00.00,840,USD,1,Долар США,26.6718
587,26.08.2021,00.00,840,USD,1,Долар США,26.7074
588,27.08.2021,00.00,840,USD,1,Долар США,26.7744
589,28.08.2021,00.00,840,USD,1,Долар США,26.929
590,29.08.2021,00.00,840,USD,1,Долар США,26.929
591,30.08.2021,00.00,840,USD,1,Долар США,26.929
592,31.08.2021,00.00,840,USD,1,Долар США,26.8601
593,01.09.2021,00.00,840,USD,1,Долар США,26.8928
594,02.09.2021,00.00,840,USD,1,Долар США,27.0029
595,03.09.2021,00.00,840,USD,1,Долар США,27.0247
596,04.09.2021,00.00,840,USD,1,Долар США,27.0247
597,05.09.2021,00.00,840,USD,1,Долар США,27.0247
598,06.09.2021,00.00,840,USD,1,Долар США,26.9298
599,07.09.2021,00.00,840,USD,1,Долар США,26.8102
600,08.09.2021,00.00,840,USD,1,Долар США,26.7317
601,09.09.2021,00.00,840,USD,1,Долар США,26.7452
602,10.09.2021,00.00,840,USD,1,Долар США,26.7264
603,11.09.2021,00.00,840,USD,1,Долар США,26.7264
604,12.09.2021,00.00,840,USD,1,Долар США,26.7264
605,13.09.2021,00.00,840,USD,1,Долар США,26.6782
606,14.09.2021,00.00,840,USD,1,Долар США,26.692
607,15.09.2021,00.00,840,USD,1,Долар США,26.6362
608,16.09.2021,00.00,840,USD,1,Долар США,26.645
609,17.09.2021,00.00,840,USD,1,Долар США,26.6672
610,18.09.2021,00.00,840,USD,1,Долар США,26.6672
611,19.09.2021,00.00,840,USD,1,Долар США,26.6672
612,20.09.2021,00.00,840,USD,1,Долар США,26.7028
613,21.09.2021,00.00,840,USD,1,Долар США,26.7072
614,22.09.2021,00.00,840,USD,1,Долар США,26.7081
615,23.09.2021,00.00,840,USD,1,Долар США,26.6714
616,24.09.2021,00.00,840,USD,1,Долар США,26.5272
617,25.09.2021,00.00,840,USD,1,Долар США,26.5272
618,26.09.2021,00.00,840,USD,1,Долар США,26.5272
619,27.09.2021,00.00,840,USD,1,Долар США,26.6422
620,28.09.2021,00.00,840,USD,1,Долар США,26.6556
621,29.09.2021,00.00,840,USD,1,Долар США,26.5698
622,30.09.2021,00.00,840,USD,1,Долар США,26.576
623,01.10.2021,00.00,840,USD,1,Долар США,26.6175
624,02.10.2021,00.00,840,USD,1,Долар США,26.6175
625,03.10.2021,00.00,840,USD,1,Долар США,26.6175
626,04.10.2021,00.00,840,USD,1,Долар США,26.61
627,05.10.2021,00.00,840,USD,1,Долар США,26.5722
628,06.10.2021,00.00,840,USD,1,Долар США,26.4244
629,07.10.2021,00.00,840,USD,1,Долар США,26.3503
630,08.10.2021,00.00,840,USD,1,Долар США,26.3314
631,09.10.2021,00.00,840,USD,1,Долар США,26.3314
632,10.10.2021,00.00,840,USD,1,Долар США,26.3314
633,11.10.2021,00.00,840,USD,1,Долар США,26.3515
634,12.10.2021,00.00,840,USD,1,Долар США,26.36
635,13.10.2021,00.00,840,USD,1,Долар США,26.349
636,14.10.2021,00.00,840,USD,1,Долар США,26.349
637,15.10.2021,00.00,840,USD,1,Долар США,26.349
638,16.10.2021,00.00,840,USD,1,Долар США,26.349
639,17.10.2021,00.00,840,USD,1,Долар США,26.349
640,18.10.2021,00.00,840,USD,1,Долар США,26.3419
641,19.10.2021,00.00,840,USD,1,Долар США,26.3356
642,20.10.2021,00.00,840,USD,1,Долар США,26.272
643,21.10.2021,00.00,840,USD,1,Долар США,26.2078
644,22.10.2021,00.00,840,USD,1,Долар США,26.2016
645,23.10.2021,00.00,840,USD,1,Долар США,26.2918
646,24.10.2021,00.00,840,USD,1,Долар США,26.2918
647,25.10.2021,00.00,840,USD,1,Долар США,26.2918
648,26.10.2021,00.00,840,USD,1,Долар США,26.3509
649,27.10.2021,00.00,840,USD,1,Долар США,26.419
650,28.10.2021,00.00,840,USD,1,Долар США,26.3712
651,29.10.2021,00.00,840,USD,1,Долар США,26.3265
652,30.10.2021,00.00,840,USD,1,Долар США,26.3265
653,31.10.2021,00.00,840,USD,1,Долар США,26.3265
654,01.11.2021,00.00,840,USD,1,Долар США,26.2767
655,02.11.2021,00.00,840,USD,1,Долар США,26.2933
656,03.11.2021,00.00,840,USD,1,Долар США,26.2904
657,04.11.2021,00.00,840,USD,1,Долар США,26.2431
658,05.11.2021,00.00,840,USD,1,Долар США,26.19
659,06.11.2021,00.00,840,USD,1,Долар США,26.19
660,07.11.2021,00.00,840,USD,1,Долар США,26.19
661,08.11.2021,00.00,840,USD,1,Долар США,26.102
662,09.11.2021,00.00,840,USD,1,Долар США,26.0806
663,10.11.2021,00.00,840,USD,1,Долар США,26.0927
664,11.11.2021,00.00,840,USD,1,Долар США,26.0575
665,12.11.2021,00.00,840,USD,1,Долар США,26.1022
666,13.11.2021,00.00,840,USD,1,Долар США,26.1022
667,14.11.2021,00.00,840,USD,1,Долар США,26.1022
668,15.11.2021,00.00,840,USD,1,Долар США,26.1107
669,16.11.2021,00.00,840,USD,1,Долар США,26.3371
670,17.11.2021,00.00,840,USD,1,Долар США,26.4133
671,18.11.2021,00.00,840,USD,1,Долар США,26.5147
672,19.11.2021,00.00,840,USD,1,Долар США,26.4427
673,20.11.2021,00.00,840,USD,1,Долар США,26.4427
674,21.11.2021,00.00,840,USD,1,Долар США,26.4427
675,22.11.2021,00.00,840,USD,1,Долар США,26.5694
676,23.11.2021,00.00,840,USD,1,Долар США,26.6588
677,24.11.2021,00.00,840,USD,1,Долар США,26.8604
678,25.11.2021,00.00,840,USD,1,Долар США,26.9273
679,26.11.2021,00.00,840,USD,1,Долар США,27.0256
680,27.11.2021,00.00,840,USD,1,Долар США,27.0256
681,28.11.2021,00.00,840,USD,1,Долар США,27.0256
682,29.11.2021,00.00,840,USD,1,Долар США,27.1033
683,30.11.2021,00.00,840,USD,1,Долар США,27.1739
684,01.12.2021,00.00,840,USD,1,Долар США,27.2142
685,02.12.2021,00.00,840,USD,1,Долар США,27.2296
686,03.12.2021,00.00,840,USD,1,Долар США,27.2933
687,04.12.2021,00.00,840,USD,1,Долар США,27.2933
688,05.12.2021,00.00,840,USD,1,Долар США,27.2933
689,06.12.2021,00.00,840,USD,1,Долар США,27.2981
690,07.12.2021,00.00,840,USD,1,Долар США,27.3791
691,08.12.2021,00.00,840,USD,1,Долар США,27.3317
692,09.12.2021,00.00,840,USD,1,Долар США,27.2167
693,10.12.2021,00.00,840,USD,1,Долар США,27.1013
694,11.12.2021,00.00,840,USD,1,Долар США,27.1013
695,12.12.2021,00.00,840,USD,1,Долар США,27.1013
696,13.12.2021,00.00,840,USD,1,Долар США,27.0241
697,14.12.2021,00.00,840,USD,1,Долар США,26.8846
698,15.12.2021,00.00,840,USD,1,Долар США,26.9985
699,16.12.2021,00.00,840,USD,1,Долар США,27.196
700,17.12.2021,00.00,840,USD,1,Долар США,27.1929
701,18.12.2021,00.00,840,USD,1,Долар США,27.1929
702,19.12.2021,00.00,840,USD,1,Долар США,27.1929
703,20.12.2021,00.00,840,USD,1,Долар США,27.2483
704,21.12.2021,00.00,840,USD,1,Долар США,27.2846
705,22.12.2021,00.00,840,USD,1,Долар США,27.2598
706,23.12.2021,00.00,840,USD,1,Долар США,27.2508
707,24.12.2021,00.00,840,USD,1,Долар США,27.2747
708,25.12.2021,00.00,840,USD,1,Долар США,27.2747
709,26.12.2021,00.00,840,USD,1,Долар США,27.2747
710,27.12.2021,00.00,840,USD,1,Долар США,27.2747
711,28.12.2021,00.00,840,USD,1,Долар США,27.2306
712,29.12.2021,00.00,840,USD,1,Долар США,27.2235
713,30.12.2021,00.00,840,USD,1,Долар США,27.2077
714,31.12.2021,00.00,840,USD,1,Долар США,27.2782
715,01.01.2022,00.00,840,USD,1,Долар США,27.2782
716,02.01.2022,00.00,840,USD,1,Долар США,27.2782
717,03.01.2022,00.00,840,USD,1,Долар США,27.2782
718,04.01.2022,00.00,840,USD,1,Долар США,27.2782
719,05.01.2022,00.00,840,USD,1,Долар США,27.2976
720,06.01.2022,00.00,840,USD,1,Долар США,27.4551
721,07.01.2022,00.00,840,USD,1,Долар США,27.4551
722,08.01.2022,00.00,840,USD,1,Долар США,27.4551
723,09.01.2022,00.00,840,USD,1,Долар США,27.4551
724,10.01.2022,00.00,840,USD,1,Долар США,27.4977
725,11.01.2022,00.00,840,USD,1,Долар США,27.4998
726,12.01.2022,00.00,840,USD,1,Долар США,27.5093
727,13.01.2022,00.00,840,USD,1,Долар США,27.7073
728,14.01.2022,00.00,840,USD,1,Долар США,27.7372
729,15.01.2022,00.00,840,USD,1,Долар США,27.7372
730,16.01.2022,00.00,840,USD,1,Долар США,27.7372
731,17.01.2022,00.00,840,USD,1,Долар США,27.9514
732,18.01.2022,00.00,840,USD,1,Долар США,28.122
